recipe_id|title|breadcrumbs|cuisine|ingredients
246548|Grilled Steak Tips with Chimichurri|Home+Recipes+Everyday Cooking||1 pound beef tips, or more to taste+1 tablespoon canola oil+salt and ground black pepper to taste+1 cup minced flat-leaf parsley+1/2 cup olive oil+1/4 cup red wine vinegar+1 small red onion, minced+3 cloves garlic, minced+2 tablespoons pureed chipotle peppers in adobo sauce+2 tablespoons smoked paprika+1 tablespoon dried oregano
141678|Slow Cooker Pulled Pork|Home+Recipes+Main Dish+Pork+Pulled Pork||1 (2 pound) pork tenderloin+1 (12 fluid ounce) can or bottle root beer+1 (18 ounce) bottle your favorite barbecue sauce+8 hamburger buns, split and lightly toasted
78370|Hamburger Steak with Onions and Gravy|Home+Recipes+Main Dish+Beef+Salisbury Steak||1 pound ground beef+1 egg+1/4 cup bread crumbs+1/8 teaspoon ground black pepper+1/2 teaspoon seasoned salt+1/2 teaspoon onion powder+1/2 teaspoon garlic powder+1 teaspoon Worcestershire sauce+1 tablespoon vegetable oil+1 cup thinly sliced onion+2 tablespoons all-purpose flour+1 cup beef broth+1 tablespoon cooking sherry+1/2 teaspoon seasoned salt
16066|Awesome Slow Cooker Pot Roast|Home+Recipes+Main Dish+Beef+Pot Roast||2 (10.75 ounce) cans condensed cream of mushroom soup+1 (1 ounce) package dry onion soup mix+1 1/4 cups water+5 1/2 pounds pot roast
24264|Sloppy Joes II|Home+Recipes+Main Dish+Sandwiches+Sloppy Joes||1 pound lean ground beef+1/4 cup chopped onion+1/4 cup chopped green bell pepper+1/2 teaspoon garlic powder+1 teaspoon prepared yellow mustard+3/4 cup ketchup+3 teaspoons brown sugar+salt to taste+ground black pepper to taste
214500|Sausage, Peppers, Onions, and Potato Bake|Home+Recipes+World Cuisine+European+Italian||2 teaspoons olive oil+2 pounds Italian sausage links, cut into 2-inch pieces+1/4 cup olive oil+4 large potatoes, peeled and thickly sliced+2 large green bell peppers, seeded and cut into wedges+2 large red bell peppers, seeded and cut into wedges+3 large onions, cut into wedges+1/2 cup white wine+1/2 cup chicken stock+1 teaspoon Italian seasoning+salt and pepper to taste
11758|Baked Ziti I|Home+Recipes+Pasta and Noodles+Pasta by Shape+Ziti||1 pound dry ziti pasta+1 onion, chopped+1 pound lean ground beef+2 (26 ounce) jars spaghetti sauce+6 ounces provolone cheese, sliced+1 1/2 cups sour cream+6 ounces mozzarella cheese, shredded+2 tablespoons grated Parmesan cheese
230857|Easy Tuna Patties|Home+Recipes+Appetizers and Snacks+Seafood+Fish Cakes||2 eggs+2 teaspoons lemon juice+3 tablespoons grated Parmesan cheese+10 tablespoons Italian-seasoned bread crumbs+3 (5 ounce) cans tuna, drained+3 tablespoons diced onion+1 pinch ground black pepper+3 tablespoons vegetable oil
274173|Lamb Souvlaki|Home+Recipes+World Cuisine+European+Greek||1/3 cup olive oil+1 1/2 tablespoons freshly squeezed lemon juice+1 1/2 tablespoons red wine vinegar+1 1/2 tablespoons chopped fresh oregano+2 cloves garlic, minced+1/2 teaspoon salt+1/4 teaspoon ground black pepper+1 1/2 pounds boneless leg of lamb, trimmed of all fat and cut into 1-inch cubes
16348|Baked Pork Chops I|Home+Recipes+Main Dish+Pork+Pork Chops+Baked||6 pork chops+1 teaspoon garlic powder+1 teaspoon seasoning salt+2 egg, beaten+1/4 cup all-purpose flour+2 cups Italian-style seasoned bread crumbs+4 tablespoons olive oil+1 (10.75 ounce) can condensed cream of mushroom soup+1/2 cup milk+1/3 cup white wine
9023|Baked Teriyaki Chicken|Home+Recipes+Meat and Poultry+Chicken+Chicken Thighs||1 tablespoon cornstarch+1 tablespoon cold water+1/2 cup white sugar+1/2 cup soy sauce+1/4 cup cider vinegar+1 clove garlic, minced+1/2 teaspoon ground ginger+1/4 teaspoon ground black pepper+12 skinless chicken thighs
223042|Chicken Parmesan|Home+Recipes+World Cuisine+European+Italian||4 skinless, boneless chicken breast halves+salt and freshly ground black pepper to taste+2 eggs+1 cup panko bread crumbs, or more as needed+1/2 cup grated Parmesan cheese+2 tablespoons all-purpose flour, or more if needed+1 cup olive oil for frying+1/2 cup prepared tomato sauce+1/4 cup fresh mozzarella, cut into small cubes+1/4 cup chopped fresh basil+1/2 cup grated provolone cheese+1/4 cup grated Parmesan cheese+1 tablespoon olive oil
65896|Zesty Slow Cooker Chicken Barbecue|Home+Recipes+Meat and Poultry+Chicken+Chicken Breasts||6 frozen skinless, boneless chicken breast halves+1 (12 ounce) bottle barbeque sauce+1/2 cup Italian salad dressing+1/4 cup brown sugar+2 tablespoons Worcestershire sauce
23600|World's Best Lasagna|Home+Recipes+World Cuisine+European+Italian||1 pound sweet Italian sausage+3/4 pound lean ground beef+1/2 cup minced onion+2 cloves garlic, crushed+1 (28 ounce) can crushed tomatoes+2 (6 ounce) cans tomato paste+2 (6.5 ounce) cans canned tomato sauce+1/2 cup water+2 tablespoons white sugar+1 1/2 teaspoons dried basil leaves+1/2 teaspoon fennel seeds+1 teaspoon Italian seasoning+1 1/2 teaspoons salt, divided, or to taste+1/4 teaspoon ground black pepper+4 tablespoons chopped fresh parsley+12 lasagna noodles+16 ounces ricotta cheese+1 egg+3/4 pound mozzarella cheese, sliced+3/4 cup grated Parmesan cheese
274031|Instant Pot速 Chicken Tacos|Home+Recipes+World Cuisine+Latin American+Mexican||1/4 cup chicken broth+1 cup picante sauce+1 (4 ounce) can chopped green chilies+2 tablespoons lime juice+1 1/2 pounds boneless, skinless chicken breasts+1 (1 ounce) envelope chicken taco seasoning mix (such as McCormick速)
8669|Chicken Cordon Bleu II|Home+Recipes+World Cuisine+European+French||6 skinless, boneless chicken breast halves+6 slices Swiss cheese+6 slices ham+3 tablespoons all-purpose flour+1 teaspoon paprika+6 tablespoons butter+1/2 cup dry white wine+1 teaspoon chicken bouillon granules+1 tablespoon cornstarch+1 cup heavy whipping cream
73124|Slow Cooker Salisbury Steak|Home+Recipes+Main Dish+Beef+Salisbury Steak||2 pounds lean ground beef+1 (1 ounce) envelope dry onion soup mix+1/2 cup Italian seasoned bread crumbs+1/4 cup milk+1/4 cup all-purpose flour+2 tablespoons vegetable oil+2 (10.75 ounce) cans condensed cream of chicken soup+1 (1 ounce) packet dry au jus mix+3/4 cup water
12720|Grilled Salmon I|Home+Recipes+Main Dish+Seafood+Salmon+Salmon Fillets||1 1/2 pounds salmon fillets+lemon pepper to taste+garlic powder to taste+salt to taste+1/3 cup soy sauce+1/3 cup brown sugar+1/3 cup water+1/4 cup vegetable oil
219963|Creamy Mushroom Meatloaf|Home+Recipes+Meat and Poultry+Pork+Ground||1/4 cup butter+2 cups shiitake mushrooms, sliced+1 pinch salt+1 sprig fresh rosemary, chopped+3 tablespoons all-purpose flour+2 1/2 cups beef broth+salt and pepper to taste+1/2 cup heavy cream+1 (2 1/2 pound) uncooked prepared beef, veal and pork meatloaf
274192|Keto Spinach-Artichoke Chicken|Home+Recipes+Meat and Poultry+Chicken+Chicken Breasts||1/2 (10 ounce) package frozen spinach+1 (4 ounce) package cream cheese, softened+1/2 (14 ounce) can quartered artichoke hearts, drained and chopped+1/4 cup shredded Parmesan cheese+1/4 cup mayonnaise+1/2 teaspoon garlic powder+1/2 teaspoon salt+4 (8 ounce) boneless, skinless chicken breasts+salt and pepper to taste+1 tablespoon olive oil+1/2 cup shredded mozzarella cheese
16354|Easy Meatloaf|Home+Recipes+Main Dish+Meatloaf+Beef Meatloaf||1 1/2 pounds ground beef+1 egg+1 onion, chopped+1 cup milk+1 cup dried bread crumbs+salt and pepper to taste+2 tablespoons brown sugar+2 tablespoons prepared mustard+1/3 cup ketchup
8887|Chicken Marsala|Home+Recipes+World Cuisine+European+Italian||1/4 cup all-purpose flour for coating+1/2 teaspoon salt+1/4 teaspoon ground black pepper+1/2 teaspoon dried oregano+4 skinless, boneless chicken breast halves - pounded 1/4 inch thick+4 tablespoons butter+4 tablespoons olive oil+1 cup sliced mushrooms+1/2 cup Marsala wine+1/4 cup cooking sherry
148970|Kielbasa with Brussels Sprouts|Home+Recipes+Meat and Poultry+Pork+Sausage||1 tablespoon canola oil+1 (16 ounce) package kielbasa sausage, sliced into 1/2 inch pieces+1 red onion, chopped+14 ounces baby Brussels sprouts, trimmed and cut in half+salt and ground black pepper to taste
143355|Grilled Pork Chops with Fresh Nectarine Salsa|Home+Recipes+Main Dish+Pork+Pork Chops+Boneless||2 nectarines, pitted and diced+1 ripe tomato, seeded and diced+1/4 cup diced onion+2 tablespoons chopped fresh cilantro+2 tablespoons fresh lime juice+1/4 teaspoon crushed red pepper flakes, or to taste+salt to taste+1 teaspoon ground cumin+1 teaspoon chili powder+salt and ground black pepper to taste+2 tablespoons olive oil+8 (4 ounce) boneless pork loin chops
16700|Salsa Chicken|Home+Recipes+World Cuisine+Latin American+Mexican||4 skinless, boneless chicken breast halves+4 teaspoons taco seasoning mix+1 cup salsa+1 cup shredded Cheddar cheese+2 tablespoons sour cream (optional)
72788|Zucchini Boats on the Grill|Home+Recipes+Side Dish+Vegetables+Tomatoes||2 medium zucchini+1 slice white bread, torn into small pieces+1/4 cup bacon bits+1 tablespoon minced black olives+1 jalapeno pepper, minced+3 tablespoons diced green chile peppers+1/4 cup minced onion+1/4 cup chopped tomato+6 tablespoons shredded sharp Cheddar cheese+1 pinch dried basil+seasoned salt to taste+ground black pepper to taste
8652|Garlic Chicken|Home+Recipes+Meat and Poultry+Chicken+Chicken Breasts||1/4 cup olive oil+2 cloves garlic, crushed+1/4 cup Italian-seasoned bread crumbs+1/4 cup grated Parmesan cheese+4 skinless, boneless chicken breast halves
273940|Grilled Chicken Teriyaki Skewers with Miso Ranch|Home+Recipes+World Cuisine+Asian+Japanese||12 bamboo skewers+For the Skewers:+2 pounds skinless, boneless chicken thighs+1/2 cup soy sauce+1/2 cup sake+1/3 cup mirin (Japanese sweet wine)+2 teaspoons finely grated ginger+2 tablespoons minced green onions+1/4 cup brown sugar+1 tablespoon vegetable oil+For the Miso Ranch Dressing:+3/4 cup mayonnaise+1/4 cup sour cream+1/3 cup buttermilk+1 tablespoon white miso paste, or to taste+1 tablespoon minced green onion+1 clove garlic, crushed+1 tablespoon finely chopped fresh tarragon+1 tablespoon finely chopped fresh dill+1 tablespoon finely chopped fresh chives+freshly ground black pepper to taste+1 pinch cayenne pepper
25203|Brown Sugar Meatloaf|Home+Recipes+Main Dish+Meatloaf+Beef Meatloaf||1/2 cup packed brown sugar+1/2 cup ketchup+1 1/2 pounds lean ground beef+3/4 cup milk+2 eggs+1 1/2 teaspoons salt+1/4 teaspoon ground black pepper+1 small onion, chopped+1/4 teaspoon ground ginger+3/4 cup finely crushed saltine cracker crumbs
50644|Broiled Tilapia Parmesan|Home+Recipes+Seafood+Fish+Tilapia||1/2 cup Parmesan cheese+1/4 cup butter, softened+3 tablespoons mayonnaise+2 tablespoons fresh lemon juice+1/4 teaspoon dried basil+1/4 teaspoon ground black pepper+1/8 teaspoon onion powder+1/8 teaspoon celery salt+2 pounds tilapia fillets
8665|Braised Balsamic Chicken|Home+Recipes+Meat and Poultry+Chicken+Chicken Breasts+Skillet||6 skinless, boneless chicken breast halves+1 teaspoon garlic salt+ground black pepper to taste+2 tablespoons olive oil+1 onion, thinly sliced+1 (14.5 ounce) can diced tomatoes+1/2 cup balsamic vinegar+1 teaspoon dried basil+1 teaspoon dried oregano+1 teaspoon dried rosemary+1/2 teaspoon dried thyme
166624|Tomato Basil Salmon|Home+Recipes+World Cuisine+European+Italian||2 (6 ounce) boneless salmon fillets+1 tablespoon dried basil+1 tomato, thinly sliced+1 tablespoon olive oil+2 tablespoons grated Parmesan cheese
51283|Maple Salmon|Home+Recipes+Main Dish+Seafood+Salmon+Baked Salmon||1/4 cup maple syrup+2 tablespoons soy sauce+1 clove garlic, minced+1/4 teaspoon garlic salt+1/8 teaspoon ground black pepper+1 pound salmon
258468|Beef Stroganoff for Instant Pot速|Home+Recipes+Pasta and Noodles+Noodles||2 tablespoons canola oil+1/2 onion, diced+2 teaspoons salt, divided+2 pounds beef stew meat, cut into 1-inch cubes+1 teaspoon freshly ground black pepper+3 cloves garlic, minced+1/2 teaspoon dried thyme+2 tablespoons soy sauce+3 cups chopped mushrooms+2 tablespoons all-purpose flour+3 cups chicken broth+1 (16 ounce) package wide egg noodles+3/4 cup sour cream, or to taste
223296|Honey Mustard Pork Chops|Home+Recipes+Main Dish+Pork+Pork Chops+Pan Fried||1/4 cup honey+2 tablespoons prepared yellow mustard+1 tablespoon butter+1 1/2 pounds center-cut boneless pork chops - 1/2-inch thick+garlic powder, or to taste
8941|Slow Cooker Chicken and Dumplings|Home+Recipes+Soups, Stews and Chili+Soup+Chicken Soup+Chicken and Dumplings||4 skinless, boneless chicken breast halves+2 tablespoons butter+2 (10.75 ounce) cans condensed cream of chicken soup+1 onion, finely diced+2 (10 ounce) packages refrigerated biscuit dough, torn into pieces
228156|3 Ingredient Pulled Pork Barbeque|Home+Recipes+Meat and Poultry+Pork+Ribs+Country-Style Ribs||1 (18 ounce) bottle barbeque sauce+1 envelope dry onion soup mix+1 (4 pound) boneless pork loin roast+1 (4 pound) package thick country-style pork ribs+1 (18 ounce) bottle barbeque sauce
26317|Chicken Pot Pie IX|Home+Recipes+Meat and Poultry+Chicken+Chicken Breasts||1 pound skinless, boneless chicken breast halves - cubed+1 cup sliced carrots+1 cup frozen green peas+1/2 cup sliced celery+1/3 cup butter+1/3 cup chopped onion+1/3 cup all-purpose flour+1/2 teaspoon salt+1/4 teaspoon black pepper+1/4 teaspoon celery seed+1 3/4 cups chicken broth+2/3 cup milk+2 (9 inch) unbaked pie crusts
16352|Slow Cooker Beef Stroganoff I|Home+Recipes+Main Dish+Beef+Beef Stroganoff||1 pound cubed beef stew meat+1 (10.75 ounce) can condensed golden mushroom soup+1/2 cup chopped onion+1 tablespoon Worcestershire sauce+1/4 cup water+4 ounces cream cheese
16881|Burrito Pie|Home+Recipes+World Cuisine+Latin American+Mexican||2 pounds ground beef+1 onion, chopped+2 teaspoons minced garlic+1 (2 ounce) can black olives, sliced+1 (4 ounce) can diced green chili peppers+1 (10 ounce) can diced tomatoes with green chile peppers+1 (16 ounce) jar taco sauce+2 (16 ounce) cans refried beans+12 (8 inch) flour tortillas+9 ounces shredded Colby cheese
11967|Angel Chicken Pasta|Home+Recipes+Meat and Poultry+Chicken+Chicken Breasts+Pasta||6 skinless, boneless chicken breast halves+1/4 cup butter+1 (.7 ounce) package dry Italian-style salad dressing mix+1/2 cup white wine+1 (10.75 ounce) can condensed golden mushroom soup+4 ounces cream cheese with chives+1 pound angel hair pasta
143082|Sweet, Sticky and Spicy Chicken|Home+Recipes+Meat and Poultry+Chicken+Chicken Breasts||1 tablespoon brown sugar+2 tablespoons honey+1/4 cup soy sauce+2 teaspoons chopped fresh ginger root+2 teaspoons chopped garlic+2 tablespoons hot sauce+salt and pepper to taste+4 skinless, boneless chicken breast halves - cut into 1/2 inch strips+1 tablespoon vegetable oil
78370|Hamburger Steak with Onions and Gravy|Home+Recipes+Main Dish+Beef+Salisbury Steak||1 pound ground beef+1 egg+1/4 cup bread crumbs+1/8 teaspoon ground black pepper+1/2 teaspoon seasoned salt+1/2 teaspoon onion powder+1/2 teaspoon garlic powder+1 teaspoon Worcestershire sauce+1 tablespoon vegetable oil+1 cup thinly sliced onion+2 tablespoons all-purpose flour+1 cup beef broth+1 tablespoon cooking sherry+1/2 teaspoon seasoned salt
17227|Slow Cooker Chicken Stroganoff|Home+Recipes+Main Dish+Pasta+Chicken||4 skinless, boneless chicken breast halves - cubed+1/8 cup margarine+1 (.7 ounce) package dry Italian-style salad dressing mix+1 (8 ounce) package cream cheese+1 (10.75 ounce) can condensed cream of chicken soup
64513|Rosemary Ranch Chicken Kabobs|Home+Recipes+Meat and Poultry+Chicken+Chicken Breasts||1/2 cup olive oil+1/2 cup ranch dressing+3 tablespoons Worcestershire sauce+1 tablespoon minced fresh rosemary+2 teaspoons salt+1 teaspoon lemon juice+1 teaspoon white vinegar+1/4 teaspoon ground black pepper, or to taste+1 tablespoon white sugar, or to taste (optional)+5 skinless, boneless chicken breast halves - cut into 1 inch cubes
213742|Meatball Nirvana|Home+Recipes+Main Dish+Meatballs||1 pound extra lean ground beef+1/2 teaspoon sea salt+1 small onion, diced+1/2 teaspoon garlic salt+1 1/2 teaspoons Italian seasoning+3/4 teaspoon dried oregano+3/4 teaspoon crushed red pepper flakes+1 dash hot pepper sauce (such as Frank's RedHot速), or to taste+1 1/2 tablespoons Worcestershire sauce+1/3 cup skim milk+1/4 cup grated Parmesan cheese+1/2 cup seasoned bread crumbs
21694|Marinated Grilled Shrimp|Home+Recipes+Seafood+Shellfish+Shrimp||3 cloves garlic, minced+1/3 cup olive oil+1/4 cup tomato sauce+2 tablespoons red wine vinegar+2 tablespoons chopped fresh basil+1/2 teaspoon salt+1/4 teaspoon cayenne pepper+2 pounds fresh shrimp, peeled and deveined+skewers
85452|Homemade Black Bean Veggie Burgers|Home+Recipes+Main Dish+Burgers+Veggie||1 (16 ounce) can black beans, drained and rinsed+1/2 green bell pepper, cut into 2 inch pieces+1/2 onion, cut into wedges+3 cloves garlic, peeled+1 egg+1 tablespoon chili powder+1 tablespoon cumin+1 teaspoon Thai chili sauce or hot sauce+1/2 cup bread crumbs
25321|Eggplant Parmesan II|Home+Recipes+World Cuisine+European+Italian||3 eggplant, peeled and thinly sliced+2 eggs, beaten+4 cups Italian seasoned bread crumbs+6 cups spaghetti sauce, divided+1 (16 ounce) package mozzarella cheese, shredded and divided+1/2 cup grated Parmesan cheese, divided+1/2 teaspoon dried basil
14595|Salisbury Steak|Home+Recipes+Main Dish+Beef+Salisbury Steak||1 (10.5 ounce) can condensed French onion soup+1 1/2 pounds ground beef+1/2 cup dry bread crumbs+1 egg+1/4 teaspoon salt+1/8 teaspoon ground black pepper+1 tablespoon all-purpose flour+1/4 cup ketchup+1/4 cup water+1 tablespoon Worcestershire sauce+1/2 teaspoon mustard powder
16239|Easy Slow Cooker French Dip|Home+Recipes+Main Dish+Sandwiches+Beef||4 pounds rump roast+1 (10.5 ounce) can beef broth+1 (10.5 ounce) can condensed French onion soup+1 (12 fluid ounce) can or bottle beer+6 French rolls+2 tablespoons butter
68532|Curried Coconut Chicken|Home+Recipes+World Cuisine+Asian+Thai||2 pounds boneless skinless chicken breasts, cut into 1/2-inch chunks+1 teaspoon salt and pepper, or to taste+1 1/2 tablespoons vegetable oil+2 tablespoons curry powder+1/2 onion, thinly sliced+2 cloves garlic, crushed+1 (14 ounce) can coconut milk+1 (14.5 ounce) can stewed, diced tomatoes+1 (8 ounce) can tomato sauce+3 tablespoons sugar
44868|Spicy Garlic Lime Chicken|Home+Recipes+Meat and Poultry+Chicken+Chicken Breasts+Skillet||3/4 teaspoon salt+1/4 teaspoon black pepper+1/4 teaspoon cayenne pepper+1/8 teaspoon paprika+1/4 teaspoon garlic powder+1/8 teaspoon onion powder+1/4 teaspoon dried thyme+1/4 teaspoon dried parsley+4 boneless, skinless chicken breast halves+2 tablespoons butter+1 tablespoon olive oil+2 teaspoons garlic powder+3 tablespoons lime juice
45954|Roast Sticky Chicken-Rotisserie Style|Home+Recipes+Meat and Poultry+Chicken+Whole Chicken||4 teaspoons salt+2 teaspoons paprika+1 teaspoon onion powder+1 teaspoon dried thyme+1 teaspoon white pepper+1/2 teaspoon cayenne pepper+1/2 teaspoon black pepper+1/2 teaspoon garlic powder+2 onions, quartered+2 (4 pound) whole chickens
26257|Bow Ties with Sausage, Tomatoes and Cream|Home+Recipes+World Cuisine+European+Italian||1 (12 ounce) package bow tie pasta+2 tablespoons olive oil+1 pound sweet Italian sausage, casings removed and crumbled+1/2 teaspoon red pepper flakes+1/2 cup diced onion+3 cloves garlic, minced+1 (28 ounce) can Italian-style plum tomatoes, drained and coarsely chopped+1 1/2 cups heavy cream+1/2 teaspoon salt+3 tablespoons minced fresh parsley
83557|Juicy Roasted Chicken|Home+Recipes+World Cuisine+European+German||1 (3 pound) whole chicken, giblets removed+salt and black pepper to taste+1 tablespoon onion powder, or to taste+1/2 cup margarine, divided+1 stalk celery, leaves removed
21174|BBQ Pork for Sandwiches|Home+Recipes+Main Dish+Pork+Pulled Pork||1 (14 ounce) can beef broth+3 pounds boneless pork ribs+1 (18 ounce) bottle barbeque sauce
8694|Chicken Enchiladas II|Home+Recipes+World Cuisine+Latin American+Mexican||1 tablespoon butter+1/2 cup chopped green onions+1/2 teaspoon garlic powder+1 (4 ounce) can diced green chiles+1 (10.75 ounce) can condensed cream of mushroom soup+1/2 cup sour cream+1 1/2 cups cubed cooked chicken breast meat+1 cup shredded Cheddar cheese, divided+6 (12 inch) flour tortillas+1/4 cup milk
19368|Chuck's Favorite Mac and Cheese|Home+Recipes+Main Dish+Pasta+Macaroni and Cheese+Baked Macaroni and Cheese||1 (8 ounce) package elbow macaroni+1 (8 ounce) package shredded sharp Cheddar cheese+1 (12 ounce) container small curd cottage cheese+1 (8 ounce) container sour cream+1/4 cup grated Parmesan cheese+salt and pepper to taste+1 cup dry bread crumbs+1/4 cup butter, melted
8691|Chicken Enchiladas I|Home+Recipes+World Cuisine+Latin American+Mexican||4 skinless, boneless chicken breast halves+1 onion, chopped+1/2 pint sour cream+1 cup shredded Cheddar cheese+1 tablespoon dried parsley+1/2 teaspoon dried oregano+1/2 teaspoon ground black pepper+1/2 teaspoon salt (optional)+1 (15 ounce) can tomato sauce+1/2 cup water+1 tablespoon chili powder+1/3 cup chopped green bell pepper+1 clove garlic, minced+8 (10 inch) flour tortillas+1 (12 ounce) jar taco sauce+3/4 cup shredded Cheddar cheese
34746|Baked Salmon II|Home+Recipes+Main Dish+Seafood+Salmon+Baked Salmon||2 cloves garlic, minced+6 tablespoons light olive oil+1 teaspoon dried basil+1 teaspoon salt+1 teaspoon ground black pepper+1 tablespoon lemon juice+1 tablespoon fresh parsley, chopped+2 (6 ounce) fillets salmon
8626|Yummy Honey Chicken Kabobs|Home+Recipes+Meat and Poultry+Chicken+Chicken Breasts+Broiled||1/4 cup vegetable oil+1/3 cup honey+1/3 cup soy sauce+1/4 teaspoon ground black pepper+8 skinless, boneless chicken breast halves - cut into 1 inch cubes+2 cloves garlic+5 small onions, cut into 2 inch pieces+2 red bell peppers, cut into 2 inch pieces+skewers
86230|Szechwan Shrimp|Home+Recipes+World Cuisine+Asian+Chinese||4 tablespoons water+2 tablespoons ketchup+1 tablespoon soy sauce+2 teaspoons cornstarch+1 teaspoon honey+1/2 teaspoon crushed red pepper+1/4 teaspoon ground ginger+1 tablespoon vegetable oil+1/4 cup sliced green onions+4 cloves garlic, minced+12 ounces cooked shrimp, tails removed
21353|Italian Spaghetti Sauce with Meatballs|Home+Recipes+Side Dish+Sauces and Condiments+Sauces+Pasta Sauces+Tomato||MEATBALLS+1 pound lean ground beef+1 cup fresh bread crumbs+1 tablespoon dried parsley+1 tablespoon grated Parmesan cheese+1/4 teaspoon ground black pepper+1/8 teaspoon garlic powder+1 egg, beaten+SAUCE+3/4 cup chopped onion+5 cloves garlic, minced+1/4 cup olive oil+2 (28 ounce) cans whole peeled tomatoes+2 teaspoons salt+1 teaspoon white sugar+1 bay leaf+1 (6 ounce) can tomato paste+3/4 teaspoon dried basil+1/2 teaspoon ground black pepper
70522|Garlic Cheddar Chicken|Home+Recipes+World Cuisine+European+Italian||1/2 cup butter+4 cloves garlic, minced+3/4 cup dry bread crumbs+1/2 cup freshly grated Parmesan cheese+1 1/2 cups shredded Cheddar cheese+1/4 teaspoon dried parsley+1/4 teaspoon dried oregano+1/4 teaspoon ground black pepper+1/8 teaspoon salt+8 skinless, boneless chicken breast halves - pounded thin
75861|Amazing Pork Tenderloin in the Slow Cooker|Home+Recipes+Meat and Poultry+Pork+Tenderloin||1 (2 pound) pork tenderloin+1 (1 ounce) envelope dry onion soup mix+1 cup water+3/4 cup red wine+3 tablespoons minced garlic+3 tablespoons soy sauce+freshly ground black pepper to taste
55860|Baked Garlic Parmesan Chicken|Home+Recipes+Main Dish+Chicken+Chicken Parmesan||2 tablespoons olive oil+1 clove garlic, minced+1 cup dry bread crumbs+2/3 cup grated Parmesan cheese+1 teaspoon dried basil leaves+1/4 teaspoon ground black pepper+6 skinless, boneless chicken breast halves
223042|Chicken Parmesan|Home+Recipes+World Cuisine+European+Italian||4 skinless, boneless chicken breast halves+salt and freshly ground black pepper to taste+2 eggs+1 cup panko bread crumbs, or more as needed+1/2 cup grated Parmesan cheese+2 tablespoons all-purpose flour, or more if needed+1 cup olive oil for frying+1/2 cup prepared tomato sauce+1/4 cup fresh mozzarella, cut into small cubes+1/4 cup chopped fresh basil+1/2 cup grated provolone cheese+1/4 cup grated Parmesan cheese+1 tablespoon olive oil
23567|Slow-Cooker Pepper Steak|Home+Recipes+Meat and Poultry+Beef+Steaks+Sirloin Steak||2 pounds beef sirloin, cut into 2 inch strips+garlic powder to taste+3 tablespoons vegetable oil+1 cube beef bouillon+1/4 cup hot water+1 tablespoon cornstarch+1/2 cup chopped onion+2 large green bell peppers, roughly chopped+1 (14.5 ounce) can stewed tomatoes, with liquid+3 tablespoons soy sauce+1 teaspoon white sugar+1 teaspoon salt
20675|Rempel Family Meatloaf|Home+Recipes+Main Dish+Meatloaf+Beef Meatloaf||1 1/2 pounds lean ground beef+1/2 cup crushed buttery round crackers+3/4 cup shredded Cheddar cheese+1 (1 ounce) package dry onion soup mix+2 eggs, beaten+1/4 cup ketchup+2 tablespoons steak sauce
8701|Chicken Breasts with Balsamic Vinegar and Garlic|Home+Recipes+Meat and Poultry+Chicken+Chicken Breasts+Skillet||4 skinless, boneless chicken breasts+salt and pepper to taste+3/4 pound fresh mushrooms, sliced+2 tablespoons all-purpose flour+2 tablespoons olive oil+6 cloves garlic+1/4 cup balsamic vinegar+3/4 cup chicken broth+1 bay leaf+1/4 teaspoon dried thyme+1 tablespoon butter
21176|Baked Dijon Salmon|Home+Recipes+Main Dish+Seafood+Salmon+Baked Salmon||1/4 cup butter, melted+3 tablespoons Dijon mustard+1 1/2 tablespoons honey+1/4 cup dry bread crumbs+1/4 cup finely chopped pecans+4 teaspoons chopped fresh parsley+4 (4 ounce) fillets salmon+salt and pepper to taste+1 lemon, for garnish
9038|Anniversary Chicken I|Home+Recipes+Meat and Poultry+Chicken+Chicken Breasts||2 tablespoons vegetable oil+6 skinless, boneless chicken breast halves+1/2 cup teriyaki basting sauce+1/2 cup Ranch-style salad dressing+1 cup shredded Cheddar cheese+3 green onions, chopped+1/2 (3 ounce) can bacon bits+1 tablespoon chopped fresh parsley, for garnish
24202|Shepherd's Pie VI|Home+Recipes+Main Dish+Savory Pies+Shepherd's Pie||4 large potatoes, peeled and cubed+1 tablespoon butter+1 tablespoon finely chopped onion+1/4 cup shredded Cheddar cheese+salt and pepper to taste+5 carrots, chopped+1 tablespoon vegetable oil+1 onion, chopped+1 pound lean ground beef+2 tablespoons all-purpose flour+1 tablespoon ketchup+3/4 cup beef broth+1/4 cup shredded Cheddar cheese
24002|Famous Butter Chicken|Home+Recipes+Meat and Poultry+Chicken+Chicken Breasts+Breaded||2 eggs, beaten+1 cup crushed buttery round cracker crumbs+1/2 teaspoon garlic salt+ground black pepper to taste+4 skinless, boneless chicken breast halves+1/2 cup butter, cut into pieces
83549|Angela's Awesome Enchiladas|Home+Recipes+World Cuisine+Latin American+Mexican||2 pounds skinless, boneless chicken breast meat - cut into chunks+1 (10.75 ounce) can condensed cream of chicken soup+1 1/4 cups sour cream+1/4 teaspoon chili powder+1 tablespoon butter+1 small onion, chopped+1 (4 ounce) can chopped green chilies, drained+1 (1.25 ounce) package mild taco seasoning mix+1 bunch green onions, chopped, divided+1 cup water+1 teaspoon lime juice+1/2 teaspoon onion powder+1/2 teaspoon garlic powder+5 (12 inch) flour tortillas+3 cups Cheddar cheese, shredded, divided+1 (10 ounce) can enchilada sauce+1 (6 ounce) can sliced black olives
85389|Gourmet Mushroom Risotto|Home+Recipes+Main Dish+Rice+Risotto||6 cups chicken broth, divided+3 tablespoons olive oil, divided+1 pound portobello mushrooms, thinly sliced+1 pound white mushrooms, thinly sliced+2 shallots, diced+1 1/2 cups Arborio rice+1/2 cup dry white wine+sea salt to taste+freshly ground black pepper to taste+3 tablespoons finely chopped chives+4 tablespoons butter+1/3 cup freshly grated Parmesan cheese
12009|Creamy Cajun Chicken Pasta|Home+Recipes+Meat and Poultry+Chicken+Chicken Breasts+Pasta||4 ounces linguine pasta+2 boneless, skinless chicken breast halves, sliced into thin strips+2 teaspoons Cajun seasoning+2 tablespoons butter+1 green bell pepper, chopped+1/2 red bell pepper, chopped+4 fresh mushrooms, sliced+1 green onion, minced+1 1/2 cups heavy cream+1/4 teaspoon dried basil+1/4 teaspoon lemon pepper+1/4 teaspoon salt+1/8 teaspoon garlic powder+1/8 teaspoon ground black pepper+2 tablespoons grated Parmesan cheese
45736|Chicken Tikka Masala|Home+Recipes+World Cuisine+Asian+Indian||1 cup yogurt+1 tablespoon lemon juice+2 teaspoons fresh ground cumin+1 teaspoon ground cinnamon+2 teaspoons cayenne pepper+2 teaspoons freshly ground black pepper+1 tablespoon minced fresh ginger+1 teaspoon salt, or to taste+3 boneless skinless chicken breasts, cut into bite-size pieces+4 long skewers+1 tablespoon butter+1 clove garlic, minced+1 jalapeno pepper, finely chopped+2 teaspoons ground cumin+2 teaspoons paprika+1 teaspoon salt, or to taste+1 (8 ounce) can tomato sauce+1 cup heavy cream+1/4 cup chopped fresh cilantro
13954|Addictive Sweet Potato Burritos|Home+Recipes+World Cuisine+Latin American+Mexican||1 tablespoon vegetable oil+1 onion, chopped+4 cloves garlic, minced+6 cups canned kidney beans, drained+2 cups water+3 tablespoons chili powder+4 teaspoons prepared mustard+2 teaspoons ground cumin+1 pinch cayenne pepper, or to taste+3 tablespoons soy sauce+4 cups mashed cooked sweet potatoes+12 (10 inch) flour tortillas, warmed+8 ounces shredded Cheddar cheese
16427|Slow Cooker Italian Beef for Sandwiches|Home+Recipes+World Cuisine+European+Italian||3 cups water+1 teaspoon salt+1 teaspoon ground black pepper+1 teaspoon dried oregano+1 teaspoon dried basil+1 teaspoon onion salt+1 teaspoon dried parsley+1 teaspoon garlic powder+1 bay leaf+1 (.7 ounce) package dry Italian-style salad dressing mix+1 (5 pound) rump roast
19304|Chicken Milano|Home+Recipes+World Cuisine+European+Italian||1 tablespoon butter+2 cloves garlic, minced+1/2 cup sun-dried tomatoes, chopped+1 cup chicken broth, divided+1 cup heavy cream+1 pound skinless, boneless chicken breast halves+salt and pepper to taste+2 tablespoons vegetable oil+2 tablespoons chopped fresh basil+8 ounces dry fettuccini pasta
8847|Baked Honey Mustard Chicken|Home+Recipes+Meat and Poultry+Chicken+Chicken Breasts+Healthy||6 skinless, boneless chicken breast halves+salt and pepper to taste+1/2 cup honey+1/2 cup prepared mustard+1 teaspoon dried basil+1 teaspoon paprika+1/2 teaspoon dried parsley
45833|Ginger Glazed Mahi Mahi|Home+Recipes+Seafood+Fish+Mahi Mahi||3 tablespoons honey+3 tablespoons soy sauce+3 tablespoons balsamic vinegar+1 teaspoon grated fresh ginger root+1 clove garlic, crushed or to taste+2 teaspoons olive oil+4 (6 ounce) mahi mahi fillets+salt and pepper to taste+1 tablespoon vegetable oil
17991|Stuffed Green Peppers I|Home+Recipes+Main Dish+Stuffed Main Dishes+Stuffed Bell Peppers||6 green bell peppers+salt to taste+1 pound ground beef+1/3 cup chopped onion+salt and pepper to taste+1 (14.5 ounce) can whole peeled tomatoes, chopped+1 teaspoon Worcestershire sauce+1/2 cup uncooked rice+1/2 cup water+1 cup shredded Cheddar cheese+2 (10.75 ounce) cans condensed tomato soup+water as needed
69538|Artichoke Chicken|Home+Recipes+Meat and Poultry+Chicken+Chicken Breasts||1 (15 ounce) can artichoke hearts, drained and chopped+3/4 cup grated Parmesan cheese+3/4 cup mayonnaise+1 pinch garlic pepper+4 skinless, boneless chicken breast halves
11729|American Lasagna|Home+Recipes+World Cuisine+European+Italian||1 1/2 pounds lean ground beef+1 onion, chopped+2 cloves garlic, minced+1 tablespoon chopped fresh basil+1 teaspoon dried oregano+2 tablespoons brown sugar+1 1/2 teaspoons salt+1 (29 ounce) can diced tomatoes+2 (6 ounce) cans tomato paste+12 dry lasagna noodles+2 eggs, beaten+1 pint part-skim ricotta cheese+1/2 cup grated Parmesan cheese+2 tablespoons dried parsley+1 teaspoon salt+1 pound mozzarella cheese, shredded+2 tablespoons grated Parmesan cheese
53729|Fish Tacos|Home+Recipes+World Cuisine+Latin American+Mexican||1 cup all-purpose flour+2 tablespoons cornstarch+1 teaspoon baking powder+1/2 teaspoon salt+1 egg+1 cup beer+1/2 cup plain yogurt+1/2 cup mayonnaise+1 lime, juiced+1 jalapeno pepper, minced+1 teaspoon minced capers+1/2 teaspoon dried oregano+1/2 teaspoon ground cumin+1/2 teaspoon dried dill weed+1 teaspoon ground cayenne pepper+1 quart oil for frying+1 pound cod fillets, cut into 2 to 3 ounce portions+1 (12 ounce) package corn tortillas+1/2 medium head cabbage, finely shredded
68868|Chicken Florentine Casserole|Home+Recipes+Meat and Poultry+Chicken+Chicken Breasts||4 skinless, boneless chicken breast halves+1/4 cup butter+3 teaspoons minced garlic+1 tablespoon lemon juice+1 (10.75 ounce) can condensed cream of mushroom soup+1 tablespoon Italian seasoning+1/2 cup half-and-half+1/2 cup grated Parmesan cheese+2 (13.5 ounce) cans spinach, drained+4 ounces fresh mushrooms, sliced+2/3 cup bacon bits+2 cups shredded mozzarella cheese
25371|Lime Chicken Soft Tacos|Home+Recipes+World Cuisine+Latin American+Mexican||1 1/2 pounds skinless, boneless chicken breast meat - cubed+1/8 cup red wine vinegar+1/2 lime, juiced+1 teaspoon white sugar+1/2 teaspoon salt+1/2 teaspoon ground black pepper+2 green onions, chopped+2 cloves garlic, minced+1 teaspoon dried oregano+10 (6 inch) flour tortillas+1 tomato, diced+1/4 cup shredded lettuce+1/4 cup shredded Monterey Jack cheese+1/4 cup salsa
236609|Honey-Garlic Slow Cooker Chicken Thighs|Home+Recipes+Meat and Poultry+Chicken+Chicken Thighs||4 skinless, boneless chicken thighs+1/2 cup soy sauce+1/2 cup ketchup+1/3 cup honey+3 cloves garlic, minced+1 teaspoon dried basil
18775|Aussie Chicken|Home+Recipes+Meat and Poultry+Chicken+Chicken Breasts||4 skinless, boneless chicken breast halves - pounded to 1/2 inch thickness+2 teaspoons seasoning salt+6 slices bacon, cut in half+1/2 cup prepared yellow mustard+1/2 cup honey+1/4 cup light corn syrup+1/4 cup mayonnaise+1 tablespoon dried onion flakes+1 tablespoon vegetable oil+1 cup sliced fresh mushrooms+2 cups shredded Colby-Monterey Jack cheese+2 tablespoons chopped fresh parsley
16707|Chicken Breasts Pierre|Home+Recipes+Meat and Poultry+Chicken+Chicken Breasts+Skillet||6 skinless, boneless chicken breast halves+1/4 cup all-purpose flour+1/2 teaspoon salt+1 pinch ground black pepper+3 tablespoons butter+1 (14.5 ounce) can stewed tomatoes, with liquid+1/2 cup water+2 tablespoons brown sugar+2 tablespoons distilled white vinegar+2 tablespoons Worcestershire sauce+1 teaspoon salt+2 teaspoons chili powder+1 teaspoon mustard powder+1/2 teaspoon celery seed+1 clove garlic, minced+1/8 teaspoon hot pepper sauce
25202|Beef Stroganoff III|Home+Recipes+World Cuisine+European+Eastern European+Russian||2 pounds beef chuck roast+1/2 teaspoon salt+1/2 teaspoon ground black pepper+4 ounces butter+4 green onions, sliced (white parts only)+4 tablespoons all-purpose flour+1 (10.5 ounce) can condensed beef broth+1 teaspoon prepared mustard+1 (6 ounce) can sliced mushrooms, drained+1/3 cup sour cream+1/3 cup white wine+salt to taste+ground black pepper to taste
25874|Shrimp Scampi Bake|Home+Recipes+Main Dish+Seafood+Shrimp+Shrimp Scampi||1 cup butter+2 tablespoons prepared Dijon-style mustard+1 tablespoon fresh lemon juice+1 tablespoon chopped garlic+1 tablespoon chopped fresh parsley+2 pounds medium raw shrimp, shelled, deveined, with tails attached
92462|Slow Cooker Texas Pulled Pork|Home+Recipes+Main Dish+Pork+Pulled Pork||1 teaspoon vegetable oil+1 (4 pound) pork shoulder roast+1 cup barbeque sauce+1/2 cup apple cider vinegar+1/2 cup chicken broth+1/4 cup light brown sugar+1 tablespoon prepared yellow mustard+1 tablespoon Worcestershire sauce+1 tablespoon chili powder+1 extra large onion, chopped+2 large cloves garlic, crushed+1 1/2 teaspoons dried thyme+8 hamburger buns, split+2 tablespoons butter, or as needed
73124|Slow Cooker Salisbury Steak|Home+Recipes+Main Dish+Beef+Salisbury Steak||2 pounds lean ground beef+1 (1 ounce) envelope dry onion soup mix+1/2 cup Italian seasoned bread crumbs+1/4 cup milk+1/4 cup all-purpose flour+2 tablespoons vegetable oil+2 (10.75 ounce) cans condensed cream of chicken soup+1 (1 ounce) packet dry au jus mix+3/4 cup water
44742|Marinated Baked Pork Chops|Home+Recipes+Main Dish+Pork+Pork Chops+Baked||1 tablespoon soy sauce+2 tablespoons vegetable oil+1 tablespoon Worcestershire sauce+1 teaspoon lemon juice+2 tablespoons brown sugar+2 tablespoons ketchup+6 pork chops, trimmed
15715|Mini Meatloaves|Home+Recipes+Main Dish+Meatloaf+Beef Meatloaf||1 egg+3/4 cup milk+1 cup shredded Cheddar cheese+1/2 cup quick cooking oats+1 teaspoon salt+1 pound ground beef+2/3 cup ketchup+1/4 cup packed brown sugar+1 1/2 teaspoons prepared mustard
11679|Homemade Mac and Cheese|Home+Recipes+Main Dish+Pasta+Macaroni and Cheese+Baked Macaroni and Cheese||8 ounces uncooked elbow macaroni+2 cups shredded sharp Cheddar cheese+1/2 cup grated Parmesan cheese+3 cups milk+1/4 cup butter+2 1/2 tablespoons all-purpose flour+2 tablespoons butter+1/2 cup bread crumbs+1 pinch paprika
8758|White Cheese Chicken Lasagna|Home+Recipes+World Cuisine+European+Italian||9 lasagna noodles+1/2 cup butter+1 onion, chopped+1 clove garlic, minced+1/2 cup all-purpose flour+1 teaspoon salt+2 cups chicken broth+1 1/2 cups milk+4 cups shredded mozzarella cheese, divided+1 cup grated Parmesan cheese, divided+1 teaspoon dried basil+1 teaspoon dried oregano+1/2 teaspoon ground black pepper+2 cups ricotta cheese+2 cups cubed, cooked chicken meat+2 (10 ounce) packages frozen chopped spinach, thawed and drained+1 tablespoon chopped fresh parsley+1/4 cup grated Parmesan cheese for topping
176132|Slow Cooker Buffalo Chicken Sandwiches|Home+Recipes+Meat and Poultry+Chicken+Chicken Breasts||4 skinless, boneless chicken breast halves+1 (17.5 fluid ounce) bottle buffalo wing sauce, divided+1/2 (1 ounce) package dry ranch salad dressing mix+2 tablespoons butter+6 hoagie rolls, split lengthwise
13464|Homestyle Turkey, the Michigander Way|Home+Recipes+Meat and Poultry+Turkey+Whole||1 (12 pound) whole turkey+6 tablespoons butter, divided+4 cups warm water+3 tablespoons chicken bouillon+2 tablespoons dried parsley+2 tablespoons dried minced onion+2 tablespoons seasoning salt
8495|Chicken Cordon Bleu I|Home+Recipes+World Cuisine+European+French||4 skinless, boneless chicken breast halves+1/4 teaspoon salt+1/8 teaspoon ground black pepper+6 slices Swiss cheese+4 slices cooked ham+1/2 cup seasoned bread crumbs
31064|Italian Breaded Pork Chops|Home+Recipes+World Cuisine+European+Italian||3 eggs, lightly beaten+3 tablespoons milk+1 1/2 cups Italian seasoned bread crumbs+1/2 cup grated Parmesan cheese+2 tablespoons dried parsley+2 tablespoons olive oil+4 cloves garlic, peeled and chopped+4 pork chops
30522|Unbelievable Chicken|Home+Recipes+Meat and Poultry+Chicken+Chicken Breasts+Healthy||1/4 cup cider vinegar+3 tablespoons prepared coarse-ground mustard+3 cloves garlic, peeled and minced+1 lime, juiced+1/2 lemon, juiced+1/2 cup brown sugar+1 1/2 teaspoons salt+ground black pepper to taste+6 tablespoons olive oil+6 skinless, boneless chicken breast halves
14692|Caramel Apple Pork Chops|Home+Recipes+Main Dish+Pork+Pork Chops||4 (3/4 inch) thick pork chops+1 teaspoon vegetable oil+2 tablespoons brown sugar+salt and pepper to taste+1/8 teaspoon ground cinnamon+1/8 teaspoon ground nutmeg+2 tablespoons unsalted butter+2 tart apples - peeled, cored and sliced+3 tablespoons pecans (optional)
8720|Honey Mustard Grilled Chicken|Home+Recipes+Meat and Poultry+Chicken+Chicken Breasts||1/3 cup Dijon mustard+1/4 cup honey+2 tablespoons mayonnaise+1 teaspoon steak sauce+4 skinless, boneless chicken breast halves
17219|Best Tuna Casserole|Home+Recipes+Seafood+Fish+Tuna||1 (12 ounce) package egg noodles+1/4 cup chopped onion+2 cups shredded Cheddar cheese+1 cup frozen green peas+2 (5 ounce) cans tuna, drained+2 (10.75 ounce) cans condensed cream of mushroom soup+1/2 (4.5 ounce) can sliced mushrooms+1 cup crushed potato chips
8778|Cajun Chicken Pasta|Home+Recipes+Main Dish+Pasta+Chicken||4 ounces linguine pasta+2 skinless, boneless chicken breast halves+2 teaspoons Cajun seasoning+2 tablespoons butter+1 red bell pepper, sliced+1 green bell pepper, sliced+4 fresh mushrooms, sliced+1 green onion, chopped+1 cup heavy cream+1/4 teaspoon dried basil+1/4 teaspoon lemon pepper+1/4 teaspoon salt+1/8 teaspoon garlic powder+1/8 teaspoon ground black pepper+1/4 cup grated Parmesan cheese
13941|Zucchini Patties|Home+Recipes+Side Dish+Vegetables+Squash+Zucchini||2 cups grated zucchini+2 eggs, beaten+1/4 cup chopped onion+1/2 cup all-purpose flour+1/2 cup grated Parmesan cheese+1/2 cup shredded mozzarella cheese+salt to taste+2 tablespoons vegetable oil
16573|Chicken Fried Chicken|Home+Recipes+Meat and Poultry+Chicken+Fried Chicken||30 saltine crackers+2 tablespoons all-purpose flour+2 tablespoons dry potato flakes+1 teaspoon seasoned salt+1/2 teaspoon ground black pepper+1 egg+6 skinless, boneless chicken breast halves+2 cups vegetable oil for frying
20680|Easy Mexican Casserole|Home+Recipes+World Cuisine+Latin American+Mexican||1 pound lean ground beef+2 cups salsa+1 (16 ounce) can chili beans, drained+3 cups tortilla chips, crushed+2 cups sour cream+1 (2 ounce) can sliced black olives, drained+1/2 cup chopped green onion+1/2 cup chopped fresh tomato+2 cups shredded Cheddar cheese
39748|Actually Delicious Turkey Burgers|Home+Recipes+Meat and Poultry+Turkey+Ground||3 pounds ground turkey+1/4 cup seasoned bread crumbs+1/4 cup finely diced onion+2 egg whites, lightly beaten+1/4 cup chopped fresh parsley+1 clove garlic, peeled and minced+1 teaspoon salt+1/4 teaspoon ground black pepper
8614|Caramelized Baked Chicken|Home+Recipes+Meat and Poultry+Chicken+Baked and Roasted||3 pounds chicken wings+2 tablespoons olive oil+1/2 cup soy sauce+2 tablespoons ketchup+1 cup honey+1 clove garlic, minced+salt and pepper to taste
213211|Turkey and Quinoa Meatloaf|Home+Recipes+Meat and Poultry+Turkey+Ground||1/4 cup quinoa+1/2 cup water+1 teaspoon olive oil+1 small onion, chopped+1 large clove garlic, chopped+1 (20 ounce) package ground turkey+1 tablespoon tomato paste+1 tablespoon hot pepper sauce+2 tablespoons Worcestershire sauce+1 egg+1 1/2 teaspoons salt+1 teaspoon ground black pepper+2 tablespoons brown sugar+2 teaspoons Worcestershire sauce+1 teaspoon water
8734|Honey Baked Chicken II|Home+Recipes+Meat and Poultry+Chicken+Chicken Thighs||1 (3 pound) whole chicken, cut into pieces+1/2 cup butter, melted+1/2 cup honey+1/4 cup prepared mustard+1 teaspoon salt+1 teaspoon curry powder
132815|Balsamic Roasted Pork Loin|Home+Recipes+World Cuisine+European+Italian||2 tablespoons steak seasoning rub+1/2 cup balsamic vinegar+1/2 cup olive oil+2 pounds boneless pork loin roast
23431|To Die For Fettuccine Alfredo|Home+Recipes+Main Dish+Pasta||24 ounces dry fettuccini pasta+1 cup butter+3/4 pint heavy cream+salt and pepper to taste+1 dash garlic salt+3/4 cup grated Romano cheese+1/2 cup grated Parmesan cheese
16346|Marie's Easy Slow Cooker Pot Roast|Home+Recipes+Main Dish+Beef+Pot Roast||4 pounds chuck roast+salt and pepper to taste+1 packet dry onion soup mix+1 cup water+3 carrots, chopped+1 onion, chopped+3 potatoes, peeled and cubed+1 stalk celery, chopped
22230|Slow-Cooker Barbecue Ribs|Home+Recipes+Meat and Poultry+Pork+Ribs+Baby Back Ribs||4 pounds pork baby back ribs+salt and pepper to taste+2 cups ketchup+1 cup chili sauce+1/2 cup packed brown sugar+4 tablespoons vinegar+2 teaspoons dried oregano+2 teaspoons Worcestershire sauce+1 dash hot sauce
16091|Baby Back Ribs|Home+Recipes+Meat and Poultry+Pork+Ribs+Baby Back Ribs||2 pounds pork baby back ribs+1 (18 ounce) bottle barbecue sauce
80827|Easy Garlic Broiled Chicken|Home+Recipes+Meat and Poultry+Chicken+Chicken Thighs||1/2 cup butter+3 tablespoons minced garlic+3 tablespoons soy sauce+1/4 teaspoon black pepper+1 tablespoon dried parsley+6 boneless chicken thighs, with skin+dried parsley, to taste
133128|Peppered Shrimp Alfredo|Home+Recipes+World Cuisine+European+Italian||12 ounces penne pasta+1/4 cup butter+2 tablespoons extra-virgin olive oil+1 onion, diced+2 cloves garlic, minced+1 red bell pepper, diced+1/2 pound portobello mushrooms, diced+1 pound medium shrimp, peeled and deveined+1 (15 ounce) jar Alfredo sauce+1/2 cup grated Romano cheese+1/2 cup cream+1 teaspoon cayenne pepper, or more to taste+Salt and pepper to taste+1/4 cup chopped parsley
94113|High Temperature Eye-of-Round Roast|Home+Recipes+Everyday Cooking||1 (3 pound) beef eye of round roast+salt and pepper to taste
16954|Chinese Chicken Fried Rice II|Home+Recipes+Main Dish+Rice+Fried Rice||1 egg+1 tablespoon water+1 tablespoon butter+1 tablespoon vegetable oil+1 onion, chopped+2 cups cooked white rice, cold+2 tablespoons soy sauce+1 teaspoon ground black pepper+1 cup cooked, chopped chicken meat
14041|Delicious Black Bean Burritos|Home+Recipes+World Cuisine+Latin American+Mexican||2 (10 inch) flour tortillas+2 tablespoons vegetable oil+1 small onion, chopped+1/2 red bell pepper, chopped+1 teaspoon minced garlic+1 (15 ounce) can black beans, rinsed and drained+1 teaspoon minced jalapeno peppers+3 ounces cream cheese+1/2 teaspoon salt+2 tablespoons chopped fresh cilantro
18781|Pizza Casserole|Home+Recipes+Pasta and Noodles+Noodles||2 cups uncooked egg noodles+1/2 pound lean ground beef+1 onion, chopped+2 cloves garlic, minced+1 green bell pepper, chopped+1 cup sliced pepperoni sausage+16 ounces pizza sauce+4 tablespoons milk+1 cup shredded mozzarella cheese
13948|Spaghetti Squash I|Home+Recipes+Fruits and Vegetables+Vegetables+Squash+Winter Squash+Spaghetti Squash||1 spaghetti squash, halved lengthwise and seeded+2 tablespoons vegetable oil+1 onion, chopped+1 clove garlic, minced+1 1/2 cups chopped tomatoes+3/4 cup crumbled feta cheese+3 tablespoons sliced black olives+2 tablespoons chopped fresh basil
76129|Spinach Tomato Tortellini|Home+Recipes+World Cuisine+European+Italian||1 (16 ounce) package cheese tortellini+1 (14.5 ounce) can diced tomatoes with garlic and onion+1 cup chopped fresh spinach+1/2 teaspoon salt+1/4 teaspoon pepper+1 1/2 teaspoons dried basil+1 teaspoon minced garlic+2 tablespoons all-purpose flour+3/4 cup milk+3/4 cup heavy cream+1/4 cup grated Parmesan cheese
222002|Chef John's Stuffed Peppers|Home+Recipes+Main Dish+Stuffed Main Dishes+Stuffed Bell Peppers||1 cup uncooked long grain white rice+2 cups water+Sauce:+1 onion, diced+1 tablespoon olive oil+2 cups marinara sauce+1 cup beef broth+1 tablespoon balsamic vinegar+1/4 teaspoon crushed red pepper flakes+Peppers:+1 pound lean ground beef+1/4 pound hot Italian pork sausage, casing removed+1 (10 ounce) can diced tomatoes+1/4 cup chopped fresh Italian parsley+4 cloves garlic, minced+2 teaspoons salt+1 teaspoon freshly ground black pepper+1 pinch ground cayenne pepper+4 large green bell peppers, halved lengthwise and seeded+1 cup finely grated Parmigiano-Reggiano cheese, plus more for topping
89261|Lemon Garlic Tilapia|Home+Recipes+Seafood+Fish+Tilapia||4 tilapia fillets+3 tablespoons fresh lemon juice+1 tablespoon butter, melted+1 clove garlic, finely chopped+1 teaspoon dried parsley flakes+pepper to taste
219164|The Best Parmesan Chicken Bake|Home+Recipes+World Cuisine+European+Italian||2 tablespoons olive oil+2 cloves garlic, crushed and finely chopped+1/4 teaspoon crushed red pepper flakes, or to taste+6 skinless, boneless chicken breast halves+2 cups prepared marinara sauce+1/4 cup chopped fresh basil+1 (8 ounce) package shredded mozzarella cheese, divided+1/2 cup grated Parmesan cheese, divided+1 (5 ounce) package garlic croutons
25151|Tangy Slow Cooker Pork Roast|Home+Recipes+Main Dish+Pork+Pork Roast||1 large onion, sliced+2 1/2 pounds boneless pork loin roast+1 cup hot water+1/4 cup white sugar+3 tablespoons red wine vinegar+2 tablespoons soy sauce+1 tablespoon ketchup+1/2 teaspoon black pepper+1/2 teaspoon salt+1/4 teaspoon garlic powder+1 dash hot pepper sauce, or to taste
9044|Tomato Chicken Parmesan|Home+Recipes+Main Dish+Chicken+Chicken Parmesan||2 eggs, beaten+1 cup grated Parmesan cheese+7 ounces seasoned bread crumbs+6 skinless, boneless chicken breast halves+1 tablespoon vegetable oil+12 ounces pasta sauce+6 slices Monterey Jack cheese
56352|Garlic Prime Rib|Home+Recipes+Main Dish+Roasts||1 (10 pound) prime rib roast+10 cloves garlic, minced+2 tablespoons olive oil+2 teaspoons salt+2 teaspoons ground black pepper+2 teaspoons dried thyme
11864|Chicken Noodle Casserole I|Home+Recipes+Meat and Poultry+Chicken+Chicken Breasts+Pasta||4 skinless, boneless chicken breast halves+6 ounces egg noodles+1 (10.75 ounce) can condensed cream of mushroom soup+1 (10.75 ounce) can condensed cream of chicken soup+1 cup sour cream+salt to taste+ground black pepper to taste+1 cup crumbled buttery round crackers+1/2 cup butter
14746|Mushroom Pork Chops|Home+Recipes+Main Dish+Pork+Pork Chops+Braised||4 pork chops+salt and pepper to taste+1 pinch garlic salt, or to taste+1 onion, chopped+1/2 pound fresh mushrooms, sliced+1 (10.75 ounce) can condensed cream of mushroom soup
8854|Broccoli Chicken Divan|Home+Recipes+Main Dish+Casseroles+Vegetable||1 pound chopped fresh broccoli+1 1/2 cups cubed, cooked chicken meat+1 (10.75 ounce) can condensed cream of broccoli soup+1/3 cup milk+1/2 cup shredded Cheddar cheese+1 tablespoon butter, melted+2 tablespoons dried bread crumbs
61024|Asian Orange Chicken|Home+Recipes+World Cuisine+Asian||Sauce:+1 1/2 cups water+2 tablespoons orange juice+1/4 cup lemon juice+1/3 cup rice vinegar+2 1/2 tablespoons soy sauce+1 tablespoon grated orange zest+1 cup packed brown sugar+1/2 teaspoon minced fresh ginger root+1/2 teaspoon minced garlic+2 tablespoons chopped green onion+1/4 teaspoon red pepper flakes+3 tablespoons cornstarch+2 tablespoons water+Chicken:+2 boneless, skinless chicken breasts, cut into 1/2 inch pieces+1 cup all-purpose flour+1/4 teaspoon salt+1/4 teaspoon pepper+3 tablespoons olive oil
147103|Delicious Egg Salad for Sandwiches|Home+Recipes+Salad+Egg Salad||8 eggs+1/2 cup mayonnaise+1 teaspoon prepared yellow mustard+1/4 cup chopped green onion+salt and pepper to taste+1/4 teaspoon paprika
17303|Taco Pie|Home+Recipes+Main Dish+Savory Pies+Beef Pie||1 (8 ounce) package refrigerated crescent rolls+1 pound ground beef+1 (1 ounce) package taco seasoning mix+1 (16 ounce) container sour cream+8 ounces shredded Mexican-style cheese blend+1 (14 ounce) bag tortilla chips, crushed
85740|Cheddar Baked Chicken|Home+Recipes+Meat and Poultry+Chicken+Chicken Breasts||1/4 cup butter, melted+1/2 cup all-purpose flour+1 teaspoon salt+1 teaspoon ground black pepper+1 teaspoon garlic powder+1 egg+1 tablespoon milk+1 cup shredded Cheddar cheese+1/2 cup Italian seasoned bread crumbs+1 cup crispy rice cereal+3 skinless, boneless chicken breast halves - cut in half+2 tablespoons butter, melted
97621|Foolproof Rib Roast|Home+Recipes+Everyday Cooking||1 (5 pound) standing beef rib roast+2 teaspoons salt+1 teaspoon ground black pepper+1 teaspoon garlic powder
78741|Chicken Breasts in Caper Cream Sauce|Home+Recipes+Meat and Poultry+Chicken+Chicken Breasts||4 boneless, skinless chicken breast halves+1 teaspoon lemon pepper+1 teaspoon salt+1 teaspoon dried dill weed+1 teaspoon garlic powder+3 tablespoons butter+1/2 cup whipping cream+2 tablespoons capers, drained and rinsed
16723|Pesto Chicken Florentine|Home+Recipes+World Cuisine+European+Italian||2 tablespoons olive oil+2 cloves garlic, finely chopped+4 skinless, boneless chicken breast halves - cut into strips+2 cups fresh spinach leaves+1 (4.5 ounce) package dry Alfredo sauce mix+2 tablespoons pesto+1 (8 ounce) package dry penne pasta+1 tablespoon grated Romano cheese
16330|Stuffed Peppers|Home+Recipes+Main Dish+Stuffed Main Dishes+Stuffed Bell Peppers||1 pound ground beef+1/2 cup uncooked long grain white rice+1 cup water+6 green bell peppers+2 (8 ounce) cans tomato sauce+1 tablespoon Worcestershire sauce+1/4 teaspoon garlic powder+1/4 teaspoon onion powder+salt and pepper to taste+1 teaspoon Italian seasoning
104850|Black Bean and Corn Quesadillas|Home+Recipes+World Cuisine+Latin American+Mexican||2 teaspoons olive oil+3 tablespoons finely chopped onion+1 (15.5 ounce) can black beans, drained and rinsed+1 (10 ounce) can whole kernel corn, drained+1 tablespoon brown sugar+1/4 cup salsa+1/4 teaspoon red pepper flakes+2 tablespoons butter, divided+8 (8 inch) flour tortillas+1 1/2 cups shredded Monterey Jack cheese, divided
